<?xml version="1.0" encoding="utf-8"?>
	<modification>
		<name>Patch for update currency (UAH base)</name>
		<code>Patch_for_update_currency</code>
		<version>1.0</version>
		<author>Zaharguz</author>
		<link>https://github.com/zaharguz</link>
		<file path="admin/model/localisation/currency.php">
		
			<!-- removing the old function by rename -->
			<operation>
				<search><![CDATA[
					public function refresh($force = false) {
				]]></search>
				<add position="replace"><![CDATA[
					public function oldRefresh() {
				]]></add>
			</operation>
			
			<!-- adding the updated function -->
			<operation>
				<search><![CDATA[
					public function getTotalCurrencies() {
				]]></search>
				<add position="before"><![CDATA[
					public function refresh($force = false) {
						$currencies = array();
						
						$default = $this->config->get('config_currency');
						
						if ($force) {
							$query = $this->db->query("SELECT * FROM " . DB_PREFIX . "currency WHERE code != '" . $this->db->escape($this->config->get('config_currency')) . "'");
						} else {
							$query = $this->db->query("SELECT * FROM " . DB_PREFIX . "currency WHERE code != '" . $this->db->escape($this->config->get('config_currency')) . "' AND date_modified < '" .  $this->db->escape(date('Y-m-d H:i:s', strtotime('-1 day'))) . "'");
						}

						foreach ($query->rows as $result) {
							if (($result['code'] != $default)) {
								$currencies[] = $result;
							}
						}

						if($currencies){
							$curl = curl_init();

							curl_setopt($curl, CURLOPT_URL, 'https://bank.gov.ua/NBUStatService/v1/statdirectory/exchange?json');
							curl_setopt($curl, CURLOPT_RETURNTRANSFER, 1);
							curl_setopt($curl, CURLOPT_HEADER, false);
							curl_setopt($curl, CURLOPT_SSL_VERIFYPEER, 0);
							curl_setopt($curl, CURLOPT_CONNECTTIMEOUT, 30);
							curl_setopt($curl, CURLOPT_TIMEOUT, 30);

							$response = curl_exec($curl);

							curl_close($curl);

							$response_info = json_decode($response, true);

                            if (isset($response_info[0]['cc'])) {
                                foreach ($currencies as $currency) {
    							    $key = array_search($currency['code'], array_column($response_info, 'cc')); 
    
    								if (isset($response_info[$key]['rate'])) {
    									$this->editValueByCode($currency['code'], 1 / $response_info[$key]['rate']);
    								}
    							}
                            }
						
							$this->cache->delete('currency');
						}

						$this->editValueByCode($default, '1.00000');
					}
				]]></add>
			</operation>
			
			<!-- adding new function for fixer -->
			<operation>
				<search><![CDATA[
					public function getTotalCurrencies() {
				]]></search>
				<add position="before"><![CDATA[
					public function editValueByCode($code, $value) {
						$this->db->query("UPDATE " . DB_PREFIX . "currency SET value = '" . (float)$value . "', date_modified = NOW() WHERE code = '" . $this->db->escape((string)$code) . "'");

						$this->cache->delete('currency');
					}

				]]></add>
			</operation>
		</file>
	</modification>